Row,OR,LB,UB,p_value,VIF
Cognition,0.738297909081555,0.584685870768315,0.932267786525986,0.0107942903595792,1.0773279073417
polite,1.72290394032206e+18,1.24479988834583e+17,2.38463870005794e+19,2.36677274221548e-215,1.01872656421711
male,101603573.706721,11767501.3013042,877270877.279017,4.58300101199406e-63,1.00609951773472
Culture,2.63790185136449,1.68520318041211,4.12919122056875,2.20793437891982e-05,1.03101690666057
risk,0.643185533628302,0.522297222365133,0.792054050747982,3.25731012956163e-05,1.01346571468758
focuspresent,0.752770635286447,0.600904809108091,0.943017297848966,0.0134980322661463,1.06726894469927
