Row,HR_95_CI,p_value
AllPunc,0.69233 (0.52516-0.91272),0.0091161
