Row,OR,LB,UB,p_value
AllPunc,0.692331245403464,0.525157108613175,0.912722203509152,0.00911609543300641
